Target,Accuracy,K,Window_Size,Window_Overlap,Optimization_Level,Finite_Context,Time
english_polish_czech.txt,35.33,3,3,0,0,True,12.603
english_polish_czech.txt,37.13,3,3,0,0,False,12.596
english_polish_czech.txt,33.73,3,3,0.2,0,True,13.122
english_polish_czech.txt,42.12,3,3,0.2,0,False,13.19
english_polish_czech.txt,34.93,3,3,0.4,0,True,13.758
english_polish_czech.txt,39.02,3,3,0.4,0,False,13.482
english_polish_czech.txt,34.93,3,3,0.6,0,True,13.432
english_polish_czech.txt,39.02,3,3,0.6,0,False,13.467
english_polish_czech.txt,34.93,3,3,0.8,0,True,13.485
english_polish_czech.txt,39.02,3,3,0.8,0,False,13.419
english_polish_czech.txt,41.92,3,5,0,0,True,12.765
english_polish_czech.txt,31.34,3,5,0,0,False,12.796
english_polish_czech.txt,41.62,3,5,0.2,0,True,12.915
english_polish_czech.txt,39.72,3,5,0.2,0,False,12.854
english_polish_czech.txt,42.22,3,5,0.4,0,True,12.931
english_polish_czech.txt,50.8,3,5,0.4,0,False,12.97
english_polish_czech.txt,41.92,3,5,0.6,0,True,13.046
english_polish_czech.txt,51.3,3,5,0.6,0,False,13.006
english_polish_czech.txt,40.12,3,5,0.8,0,True,13.424
english_polish_czech.txt,51.8,3,5,0.8,0,False,13.506
english_polish_czech.txt,56.59,3,8,0,0,True,12.559
english_polish_czech.txt,36.33,3,8,0,0,False,12.798
english_polish_czech.txt,49.8,3,8,0.2,0,True,12.793
english_polish_czech.txt,45.61,3,8,0.2,0,False,12.8
english_polish_czech.txt,50.6,3,8,0.4,0,True,12.893
english_polish_czech.txt,41.12,3,8,0.4,0,False,12.821
english_polish_czech.txt,49.6,3,8,0.6,0,True,12.928
english_polish_czech.txt,44.21,3,8,0.6,0,False,12.861
english_polish_czech.txt,47.8,3,8,0.8,0,True,13.411
english_polish_czech.txt,47.21,3,8,0.8,0,False,13.476
english_polish_czech.txt,59.38,3,10,0,0,True,12.695
english_polish_czech.txt,33.23,3,10,0,0,False,12.804
english_polish_czech.txt,57.78,3,10,0.2,0,True,12.751
english_polish_czech.txt,17.66,3,10,0.2,0,False,12.856
english_polish_czech.txt,52.1,3,10,0.4,0,True,12.744
english_polish_czech.txt,32.04,3,10,0.4,0,False,12.774
english_polish_czech.txt,52.89,3,10,0.6,0,True,12.84
english_polish_czech.txt,42.51,3,10,0.6,0,False,12.886
english_polish_czech.txt,52.4,3,10,0.8,0,True,13.538
english_polish_czech.txt,54.79,3,10,0.8,0,False,13.486
english_polish_czech.txt,57.19,3,12,0,0,True,12.714
english_polish_czech.txt,0.0,3,12,0,0,False,12.712
english_polish_czech.txt,65.07,3,12,0.2,0,True,12.847
english_polish_czech.txt,33.63,3,12,0.2,0,False,12.693
english_polish_czech.txt,56.99,3,12,0.4,0,True,12.7
english_polish_czech.txt,34.33,3,12,0.4,0,False,12.723
english_polish_czech.txt,52.1,3,12,0.6,0,True,12.862
english_polish_czech.txt,18.06,3,12,0.6,0,False,12.747
english_polish_czech.txt,55.79,3,12,0.8,0,True,13.074
english_polish_czech.txt,18.46,3,12,0.8,0,False,13.077
english_polish_czech.txt,64.97,3,15,0,0,True,12.637
english_polish_czech.txt,0.0,3,15,0,0,False,12.647
english_polish_czech.txt,63.67,3,15,0.2,0,True,12.672
english_polish_czech.txt,0.0,3,15,0.2,0,False,12.651
english_polish_czech.txt,67.86,3,15,0.4,0,True,12.717
english_polish_czech.txt,33.93,3,15,0.4,0,False,12.744
english_polish_czech.txt,60.68,3,15,0.6,0,True,12.747
english_polish_czech.txt,34.23,3,15,0.6,0,False,12.701
english_polish_czech.txt,59.18,3,15,0.8,0,True,13.037
english_polish_czech.txt,34.23,3,15,0.8,0,False,13.056
english_polish_czech.txt,35.33,3,3,0,1,True,13.02
english_polish_czech.txt,37.72,3,3,0,1,False,13.066
english_polish_czech.txt,33.73,3,3,0.2,1,True,12.97
english_polish_czech.txt,42.12,3,3,0.2,1,False,13.338
english_polish_czech.txt,34.93,3,3,0.4,1,True,14.089
english_polish_czech.txt,39.02,3,3,0.4,1,False,13.343
english_polish_czech.txt,34.93,3,3,0.6,1,True,14.168
english_polish_czech.txt,39.02,3,3,0.6,1,False,13.429
english_polish_czech.txt,34.93,3,3,0.8,1,True,14.141
english_polish_czech.txt,39.02,3,3,0.8,1,False,13.429
english_polish_czech.txt,42.42,3,5,0,1,True,12.986
english_polish_czech.txt,31.74,3,5,0,1,False,12.805
english_polish_czech.txt,41.62,3,5,0.2,1,True,13.143
english_polish_czech.txt,39.72,3,5,0.2,1,False,13.052
english_polish_czech.txt,42.22,3,5,0.4,1,True,12.917
english_polish_czech.txt,53.29,3,5,0.4,1,False,13.13
english_polish_czech.txt,42.12,3,5,0.6,1,True,13.442
english_polish_czech.txt,55.09,3,5,0.6,1,False,13.348
english_polish_czech.txt,40.12,3,5,0.8,1,True,14.237
english_polish_czech.txt,53.29,3,5,0.8,1,False,14.128
english_polish_czech.txt,57.39,3,8,0,1,True,12.782
english_polish_czech.txt,43.81,3,8,0,1,False,12.777
english_polish_czech.txt,49.8,3,8,0.2,1,True,12.845
english_polish_czech.txt,49.8,3,8,0.2,1,False,12.657
english_polish_czech.txt,1.0,3,8,0.4,1,True,12.822
english_polish_czech.txt,44.11,3,8,0.4,1,False,12.919
english_polish_czech.txt,49.6,3,8,0.6,1,True,13.125
english_polish_czech.txt,53.89,3,8,0.6,1,False,13.073
english_polish_czech.txt,47.8,3,8,0.8,1,True,14.241
english_polish_czech.txt,55.39,3,8,0.8,1,False,14.152
english_polish_czech.txt,62.48,3,10,0,1,True,12.737
english_polish_czech.txt,33.23,3,10,0,1,False,12.724
english_polish_czech.txt,61.78,3,10,0.2,1,True,12.761
english_polish_czech.txt,17.66,3,10,0.2,1,False,12.773
english_polish_czech.txt,54.49,3,10,0.4,1,True,12.758
english_polish_czech.txt,33.23,3,10,0.4,1,False,12.847
english_polish_czech.txt,53.69,3,10,0.6,1,True,12.963
english_polish_czech.txt,33.63,3,10,0.6,1,False,13.114
english_polish_czech.txt,52.5,3,10,0.8,1,True,14.452
english_polish_czech.txt,54.79,3,10,0.8,1,False,14.157
english_polish_czech.txt,60.28,3,12,0,1,True,12.764
english_polish_czech.txt,0.0,3,12,0,1,False,12.777
english_polish_czech.txt,70.06,3,12,0.2,1,True,12.801
english_polish_czech.txt,33.63,3,12,0.2,1,False,12.663
english_polish_czech.txt,58.38,3,12,0.4,1,True,12.754
english_polish_czech.txt,34.33,3,12,0.4,1,False,12.654
english_polish_czech.txt,53.29,3,12,0.6,1,True,13.054
english_polish_czech.txt,18.06,3,12,0.6,1,False,12.912
english_polish_czech.txt,56.09,3,12,0.8,1,True,13.521
english_polish_czech.txt,34.33,3,12,0.8,1,False,13.56
english_polish_czech.txt,72.95,3,15,0,1,True,12.769
english_polish_czech.txt,72.95,3,15,0,1,False,12.701
english_polish_czech.txt,66.07,3,15,0.2,1,True,12.745
english_polish_czech.txt,66.07,3,15,0.2,1,False,12.804
english_polish_czech.txt,69.56,3,15,0.4,1,True,12.738
english_polish_czech.txt,33.93,3,15,0.4,1,False,12.67
english_polish_czech.txt,63.07,3,15,0.6,1,True,12.811
english_polish_czech.txt,34.23,3,15,0.6,1,False,12.751
english_polish_czech.txt,59.58,3,15,0.8,1,True,13.558
english_polish_czech.txt,34.23,3,15,0.8,1,False,13.097
english_polish_czech.txt,36.53,3,3,0,2,True,13.168
english_polish_czech.txt,37.72,3,3,0,2,False,13.216
english_polish_czech.txt,33.83,3,3,0.2,2,True,13.489
english_polish_czech.txt,42.12,3,3,0.2,2,False,13.384
english_polish_czech.txt,34.93,3,3,0.4,2,True,14.253
english_polish_czech.txt,39.02,3,3,0.4,2,False,14.271
english_polish_czech.txt,34.93,3,3,0.6,2,True,14.103
english_polish_czech.txt,39.02,3,3,0.6,2,False,14.117
english_polish_czech.txt,34.93,3,3,0.8,2,True,14.077
english_polish_czech.txt,39.02,3,3,0.8,2,False,14.284
english_polish_czech.txt,42.91,3,5,0,2,True,12.938
english_polish_czech.txt,33.63,3,5,0,2,False,12.917
english_polish_czech.txt,41.62,3,5,0.2,2,True,12.94
english_polish_czech.txt,39.72,3,5,0.2,2,False,13.168
english_polish_czech.txt,42.22,3,5,0.4,2,True,12.929
english_polish_czech.txt,53.29,3,5,0.4,2,False,13.462
english_polish_czech.txt,42.12,3,5,0.6,2,True,13.419
english_polish_czech.txt,55.99,3,5,0.6,2,False,13.549
english_polish_czech.txt,40.12,3,5,0.8,2,True,14.264
english_polish_czech.txt,53.29,3,5,0.8,2,False,14.9
english_polish_czech.txt,57.39,3,8,0,2,True,12.823
english_polish_czech.txt,48.5,3,8,0,2,False,12.899
english_polish_czech.txt,51.0,3,8,0.2,2,True,12.996
english_polish_czech.txt,41.02,3,8,0.2,2,False,12.918
english_polish_czech.txt,50.6,3,8,0.4,2,True,13.067
english_polish_czech.txt,48.4,3,8,0.4,2,False,13.202
english_polish_czech.txt,49.6,3,8,0.6,2,True,13.166
english_polish_czech.txt,53.89,3,8,0.6,2,False,13.487
english_polish_czech.txt,47.8,3,8,0.8,2,True,14.233
english_polish_czech.txt,55.39,3,8,0.8,2,False,14.741
english_polish_czech.txt,70.66,3,10,0,2,True,12.821
english_polish_czech.txt,33.23,3,10,0,2,False,12.854
english_polish_czech.txt,63.37,3,10,0.2,2,True,12.912
english_polish_czech.txt,17.66,3,10,0.2,2,False,12.822
english_polish_czech.txt,54.49,3,10,0.4,2,True,12.95
english_polish_czech.txt,33.23,3,10,0.4,2,False,12.827
english_polish_czech.txt,54.09,3,10,0.6,2,True,13.246
english_polish_czech.txt,33.63,3,10,0.6,2,False,13.008
english_polish_czech.txt,33.63,3,10,0.8,2,True,12.645
english_polish_czech.txt,58.98,3,10,0.8,2,False,14.951
english_polish_czech.txt,66.57,3,12,0,2,True,12.823
english_polish_czech.txt,0.0,3,12,0,2,False,12.649
english_polish_czech.txt,71.86,3,12,0.2,2,True,12.937
english_polish_czech.txt,33.63,3,12,0.2,2,False,12.875
english_polish_czech.txt,60.48,3,12,0.4,2,True,13.005
english_polish_czech.txt,34.33,3,12,0.4,2,False,12.746
english_polish_czech.txt,56.49,3,12,0.6,2,True,13.141
english_polish_czech.txt,18.06,3,12,0.6,2,False,12.831
english_polish_czech.txt,57.68,3,12,0.8,2,True,13.863
english_polish_czech.txt,34.33,3,12,0.8,2,False,13.506
english_polish_czech.txt,82.53,3,15,0,2,True,12.772
english_polish_czech.txt,82.53,3,15,0,2,False,12.7
english_polish_czech.txt,68.46,3,15,0.2,2,True,12.733
english_polish_czech.txt,68.46,3,15,0.2,2,False,12.863
english_polish_czech.txt,73.15,3,15,0.4,2,True,12.846
english_polish_czech.txt,33.93,3,15,0.4,2,False,12.679
english_polish_czech.txt,64.27,3,15,0.6,2,True,13.129
english_polish_czech.txt,34.23,3,15,0.6,2,False,12.813
english_polish_czech.txt,60.18,3,15,0.8,2,True,13.633
english_polish_czech.txt,34.23,3,15,0.8,2,False,13.053
english_polish_czech.txt,36.53,3,3,0,3,True,13.165
english_polish_czech.txt,41.72,3,3,0,3,False,13.457
english_polish_czech.txt,33.83,3,3,0.2,3,True,13.362
english_polish_czech.txt,42.51,3,3,0.2,3,False,13.807
english_polish_czech.txt,35.03,3,3,0.4,3,True,14.109
english_polish_czech.txt,39.02,3,3,0.4,3,False,14.191
english_polish_czech.txt,35.03,3,3,0.6,3,True,14.127
english_polish_czech.txt,39.02,3,3,0.6,3,False,14.24
english_polish_czech.txt,35.03,3,3,0.8,3,True,14.182
english_polish_czech.txt,39.02,3,3,0.8,3,False,14.229
english_polish_czech.txt,42.91,3,5,0,3,True,12.939
english_polish_czech.txt,25.45,3,5,0,3,False,13.054
english_polish_czech.txt,43.61,3,5,0.2,3,True,13.181
english_polish_czech.txt,40.52,3,5,0.2,3,False,13.191
english_polish_czech.txt,43.11,3,5,0.4,3,True,13.459
english_polish_czech.txt,56.49,3,5,0.4,3,False,13.495
english_polish_czech.txt,43.31,3,5,0.6,3,True,14.146
english_polish_czech.txt,57.78,3,5,0.6,3,False,13.804
english_polish_czech.txt,40.82,3,5,0.8,3,True,14.241
english_polish_czech.txt,56.29,3,5,0.8,3,False,15.083
english_polish_czech.txt,69.36,3,8,0,3,True,12.994
english_polish_czech.txt,41.02,3,8,0,3,False,12.866
english_polish_czech.txt,52.79,3,8,0.2,3,True,13.103
english_polish_czech.txt,41.02,3,8,0.2,3,False,13.018
english_polish_czech.txt,51.8,3,8,0.4,3,True,13.236
english_polish_czech.txt,40.52,3,8,0.4,3,False,13.154
english_polish_czech.txt,49.6,3,8,0.6,3,True,13.265
english_polish_czech.txt,53.89,3,8,0.6,3,False,13.584
english_polish_czech.txt,47.8,3,8,0.8,3,True,14.335
english_polish_czech.txt,60.68,3,8,0.8,3,False,14.922
english_polish_czech.txt,76.05,3,10,0,3,True,12.932
english_polish_czech.txt,33.23,3,10,0,3,False,12.828
english_polish_czech.txt,71.26,3,10,0.2,3,True,12.865
english_polish_czech.txt,17.66,3,10,0.2,3,False,12.815
english_polish_czech.txt,62.97,3,10,0.4,3,True,12.976
english_polish_czech.txt,33.23,3,10,0.4,3,False,13.067
english_polish_czech.txt,60.68,3,10,0.6,3,True,13.407
english_polish_czech.txt,33.63,3,10,0.6,3,False,12.922
english_polish_czech.txt,54.49,3,10,0.8,3,True,15.434
english_polish_czech.txt,40.82,3,10,0.8,3,False,14.753
english_polish_czech.txt,70.46,3,12,0,3,True,12.859
english_polish_czech.txt,0.0,3,12,0,3,False,12.781
english_polish_czech.txt,80.04,3,12,0.2,3,True,12.977
english_polish_czech.txt,33.63,3,12,0.2,3,False,12.79
english_polish_czech.txt,67.17,3,12,0.4,3,True,12.905
english_polish_czech.txt,34.33,3,12,0.4,3,False,12.762
english_polish_czech.txt,61.38,3,12,0.6,3,True,13.368
english_polish_czech.txt,18.06,3,12,0.6,3,False,12.882
english_polish_czech.txt,61.88,3,12,0.8,3,True,14.013
english_polish_czech.txt,34.33,3,12,0.8,3,False,13.474
english_polish_czech.txt,71.56,3,15,0,3,True,12.751
english_polish_czech.txt,71.56,3,15,0,3,False,12.694
english_polish_czech.txt,71.76,3,15,0.2,3,True,12.858
english_polish_czech.txt,71.76,3,15,0.2,3,False,12.689
english_polish_czech.txt,80.14,3,15,0.4,3,True,12.936
english_polish_czech.txt,33.93,3,15,0.4,3,False,12.749
english_polish_czech.txt,71.16,3,15,0.6,3,True,12.98
english_polish_czech.txt,34.23,3,15,0.6,3,False,12.827
english_polish_czech.txt,67.86,3,15,0.8,3,True,13.814
english_polish_czech.txt,34.23,3,15,0.8,3,False,13.336
english_polish_czech.txt,62.28,5,3,0,0,True,17.029
english_polish_czech.txt,74.75,5,3,0,0,False,16.997
english_polish_czech.txt,62.77,5,3,0.2,0,True,17.463
english_polish_czech.txt,72.46,5,3,0.2,0,False,17.334
english_polish_czech.txt,61.48,5,3,0.4,0,True,18.019
english_polish_czech.txt,74.25,5,3,0.4,0,False,17.762
english_polish_czech.txt,61.48,5,3,0.6,0,True,17.873
english_polish_czech.txt,74.25,5,3,0.6,0,False,17.92
english_polish_czech.txt,61.48,5,3,0.8,0,True,17.962
english_polish_czech.txt,74.25,5,3,0.8,0,False,18.075
english_polish_czech.txt,67.27,5,5,0,0,True,17.445
english_polish_czech.txt,73.05,5,5,0,0,False,17.26
english_polish_czech.txt,67.07,5,5,0.2,0,True,17.21
english_polish_czech.txt,76.85,5,5,0.2,0,False,17.292
english_polish_czech.txt,66.57,5,5,0.4,0,True,17.479
english_polish_czech.txt,70.66,5,5,0.4,0,False,17.669
english_polish_czech.txt,65.97,5,5,0.6,0,True,17.667
english_polish_czech.txt,74.75,5,5,0.6,0,False,17.676
english_polish_czech.txt,66.27,5,5,0.8,0,True,18.036
english_polish_czech.txt,72.55,5,5,0.8,0,False,18.159
english_polish_czech.txt,76.75,5,8,0,0,True,17.548
english_polish_czech.txt,76.75,5,8,0,0,False,6.186
english_polish_czech.txt,75.95,5,8,0.2,0,True,17.544
english_polish_czech.txt,69.26,5,8,0.2,0,False,17.626
english_polish_czech.txt,75.55,5,8,0.4,0,True,17.708
english_polish_czech.txt,68.56,5,8,0.4,0,False,17.428
english_polish_czech.txt,76.25,5,8,0.6,0,True,17.569
english_polish_czech.txt,71.26,5,8,0.6,0,False,17.357
english_polish_czech.txt,73.55,5,8,0.8,0,True,17.77
english_polish_czech.txt,72.85,5,8,0.8,0,False,18.085
english_polish_czech.txt,77.74,5,10,0,0,True,17.323
english_polish_czech.txt,65.87,5,10,0,0,False,17.444
english_polish_czech.txt,79.64,5,10,0.2,0,True,17.501
english_polish_czech.txt,58.68,5,10,0.2,0,False,17.487
english_polish_czech.txt,80.84,5,10,0.4,0,True,17.533
english_polish_czech.txt,68.06,5,10,0.4,0,False,17.39
english_polish_czech.txt,78.54,5,10,0.6,0,True,17.393
english_polish_czech.txt,67.56,5,10,0.6,0,False,17.712
english_polish_czech.txt,76.35,5,10,0.8,0,True,18.151
english_polish_czech.txt,73.05,5,10,0.8,0,False,17.957
english_polish_czech.txt,76.15,5,12,0,0,True,17.331
english_polish_czech.txt,50.8,5,12,0,0,False,17.251
english_polish_czech.txt,73.65,5,12,0.2,0,True,17.25
english_polish_czech.txt,45.01,5,12,0.2,0,False,17.327
english_polish_czech.txt,80.34,5,12,0.4,0,True,17.383
english_polish_czech.txt,63.97,5,12,0.4,0,False,17.368
english_polish_czech.txt,79.54,5,12,0.6,0,True,17.499
english_polish_czech.txt,64.77,5,12,0.6,0,False,17.376
english_polish_czech.txt,76.55,5,12,0.8,0,True,17.843
english_polish_czech.txt,57.68,5,12,0.8,0,False,17.564
english_polish_czech.txt,79.94,5,15,0,0,True,17.041
english_polish_czech.txt,34.13,5,15,0,0,False,17.197
english_polish_czech.txt,82.24,5,15,0.2,0,True,17.186
english_polish_czech.txt,51.8,5,15,0.2,0,False,17.021
english_polish_czech.txt,80.04,5,15,0.4,0,True,17.447
english_polish_czech.txt,41.12,5,15,0.4,0,False,17.542
english_polish_czech.txt,83.43,5,15,0.6,0,True,17.238
english_polish_czech.txt,51.9,5,15,0.6,0,False,17.279
english_polish_czech.txt,80.24,5,15,0.8,0,True,17.427
english_polish_czech.txt,52.1,5,15,0.8,0,False,17.312
english_polish_czech.txt,62.57,5,3,0,1,True,17.716
english_polish_czech.txt,75.05,5,3,0,1,False,17.738
english_polish_czech.txt,62.97,5,3,0.2,1,True,17.9
english_polish_czech.txt,73.55,5,3,0.2,1,False,17.74
english_polish_czech.txt,61.88,5,3,0.4,1,True,18.598
english_polish_czech.txt,75.15,5,3,0.4,1,False,18.47
english_polish_czech.txt,61.88,5,3,0.6,1,True,18.422
english_polish_czech.txt,75.15,5,3,0.6,1,False,18.648
english_polish_czech.txt,61.88,5,3,0.8,1,True,18.405
english_polish_czech.txt,75.15,5,3,0.8,1,False,18.447
english_polish_czech.txt,67.27,5,5,0,1,True,17.331
english_polish_czech.txt,74.05,5,5,0,1,False,17.653
english_polish_czech.txt,68.66,5,5,0.2,1,True,17.434
english_polish_czech.txt,78.44,5,5,0.2,1,False,17.431
english_polish_czech.txt,66.87,5,5,0.4,1,True,17.572
english_polish_czech.txt,70.66,5,5,0.4,1,False,17.354
english_polish_czech.txt,66.37,5,5,0.6,1,True,17.967
english_polish_czech.txt,74.75,5,5,0.6,1,False,17.604
english_polish_czech.txt,65.97,5,5,0.8,1,True,18.464
english_polish_czech.txt,73.35,5,5,0.8,1,False,18.818
english_polish_czech.txt,77.54,5,8,0,1,True,17.222
english_polish_czech.txt,66.37,5,8,0,1,False,17.395
english_polish_czech.txt,76.55,5,8,0.2,1,True,17.474
english_polish_czech.txt,70.46,5,8,0.2,1,False,17.505
english_polish_czech.txt,76.35,5,8,0.4,1,True,17.624
english_polish_czech.txt,70.46,5,8,0.4,1,False,17.565
english_polish_czech.txt,76.25,5,8,0.6,1,True,17.703
english_polish_czech.txt,72.46,5,8,0.6,1,False,17.765
english_polish_czech.txt,74.95,5,8,0.8,1,True,18.658
english_polish_czech.txt,72.85,5,8,0.8,1,False,18.617
english_polish_czech.txt,78.74,5,10,0,1,True,17.332
english_polish_czech.txt,50.5,5,10,0,1,False,17.443
english_polish_czech.txt,80.44,5,10,0.2,1,True,17.448
english_polish_czech.txt,50.7,5,10,0.2,1,False,17.607
english_polish_czech.txt,82.04,5,10,0.4,1,True,17.576
english_polish_czech.txt,68.06,5,10,0.4,1,False,17.421
english_polish_czech.txt,78.94,5,10,0.6,1,True,17.702
english_polish_czech.txt,67.56,5,10,0.6,1,False,17.494
english_polish_czech.txt,76.45,5,10,0.8,1,True,18.572
english_polish_czech.txt,73.15,5,10,0.8,1,False,18.821
english_polish_czech.txt,77.05,5,12,0,1,True,17.467
english_polish_czech.txt,40.72,5,12,0,1,False,17.539
english_polish_czech.txt,74.55,5,12,0.2,1,True,17.648
english_polish_czech.txt,49.1,5,12,0.2,1,False,17.648
english_polish_czech.txt,49.1,5,12,0.4,1,True,17.484
english_polish_czech.txt,48.5,5,12,0.4,1,False,17.221
english_polish_czech.txt,79.54,5,12,0.6,1,True,17.868
english_polish_czech.txt,46.61,5,12,0.6,1,False,17.942
english_polish_czech.txt,78.74,5,12,0.8,1,True,17.711
english_polish_czech.txt,60.68,5,12,0.8,1,False,17.982
english_polish_czech.txt,81.44,5,15,0,1,True,17.351
english_polish_czech.txt,34.13,5,15,0,1,False,17.16
english_polish_czech.txt,82.24,5,15,0.2,1,True,17.259
english_polish_czech.txt,41.42,5,15,0.2,1,False,17.338
english_polish_czech.txt,80.84,5,15,0.4,1,True,17.223
english_polish_czech.txt,41.12,5,15,0.4,1,False,17.065
english_polish_czech.txt,83.43,5,15,0.6,1,True,17.337
english_polish_czech.txt,41.52,5,15,0.6,1,False,17.381
english_polish_czech.txt,80.24,5,15,0.8,1,True,18.03
english_polish_czech.txt,41.52,5,15,0.8,1,False,17.734
english_polish_czech.txt,63.17,5,3,0,2,True,17.554
english_polish_czech.txt,84.13,5,3,0,2,False,17.498
english_polish_czech.txt,65.17,5,3,0.2,2,True,17.8
english_polish_czech.txt,79.54,5,3,0.2,2,False,17.825
english_polish_czech.txt,62.57,5,3,0.4,2,True,18.966
english_polish_czech.txt,77.05,5,3,0.4,2,False,18.546
english_polish_czech.txt,62.57,5,3,0.6,2,True,18.539
english_polish_czech.txt,77.05,5,3,0.6,2,False,18.526
english_polish_czech.txt,62.57,5,3,0.8,2,True,18.926
english_polish_czech.txt,77.05,5,3,0.8,2,False,18.804
english_polish_czech.txt,69.26,5,5,0,2,True,17.868
english_polish_czech.txt,75.15,5,5,0,2,False,17.557
english_polish_czech.txt,69.86,5,5,0.2,2,True,17.853
english_polish_czech.txt,79.64,5,5,0.2,2,False,17.665
english_polish_czech.txt,70.46,5,5,0.4,2,True,17.779
english_polish_czech.txt,70.46,5,5,0.4,2,False,8.907
english_polish_czech.txt,68.76,5,5,0.6,2,True,18.353
english_polish_czech.txt,82.93,5,5,0.6,2,False,17.986
english_polish_czech.txt,67.56,5,5,0.8,2,True,18.922
english_polish_czech.txt,84.43,5,5,0.8,2,False,18.646
english_polish_czech.txt,79.94,5,8,0,2,True,17.357
english_polish_czech.txt,66.37,5,8,0,2,False,17.108
english_polish_czech.txt,81.94,5,8,0.2,2,True,17.345
english_polish_czech.txt,70.46,5,8,0.2,2,False,17.544
english_polish_czech.txt,77.54,5,8,0.4,2,True,17.588
english_polish_czech.txt,70.46,5,8,0.4,2,False,17.628
english_polish_czech.txt,77.74,5,8,0.6,2,True,17.868
english_polish_czech.txt,72.46,5,8,0.6,2,False,17.932
english_polish_czech.txt,75.95,5,8,0.8,2,True,19.262
english_polish_czech.txt,76.05,5,8,0.8,2,False,19.09
english_polish_czech.txt,82.44,5,10,0,2,True,17.316
english_polish_czech.txt,50.5,5,10,0,2,False,17.633
english_polish_czech.txt,82.83,5,10,0.2,2,True,17.69
english_polish_czech.txt,51.2,5,10,0.2,2,False,17.481
english_polish_czech.txt,83.83,5,10,0.4,2,True,17.696
english_polish_czech.txt,70.66,5,10,0.4,2,False,17.442
english_polish_czech.txt,81.34,5,10,0.6,2,True,17.809
english_polish_czech.txt,81.34,5,10,0.6,2,False,5.19
english_polish_czech.txt,78.94,5,10,0.8,2,True,18.949
english_polish_czech.txt,75.85,5,10,0.8,2,False,19.132
english_polish_czech.txt,80.64,5,12,0,2,True,17.343
english_polish_czech.txt,40.72,5,12,0,2,False,17.219
english_polish_czech.txt,82.63,5,12,0.2,2,True,17.357
english_polish_czech.txt,49.1,5,12,0.2,2,False,17.495
english_polish_czech.txt,85.23,5,12,0.4,2,True,17.447
english_polish_czech.txt,48.5,5,12,0.4,2,False,17.411
english_polish_czech.txt,82.34,5,12,0.6,2,True,17.916
english_polish_czech.txt,46.61,5,12,0.6,2,False,17.771
english_polish_czech.txt,79.54,5,12,0.8,2,True,17.984
english_polish_czech.txt,46.41,5,12,0.8,2,False,18.027
english_polish_czech.txt,81.44,5,15,0,2,True,17.588
english_polish_czech.txt,34.13,5,15,0,2,False,17.045
english_polish_czech.txt,85.83,5,15,0.2,2,True,17.298
english_polish_czech.txt,41.42,5,15,0.2,2,False,17.481
english_polish_czech.txt,80.84,5,15,0.4,2,True,17.586
english_polish_czech.txt,41.12,5,15,0.4,2,False,17.371
english_polish_czech.txt,88.82,5,15,0.6,2,True,17.498
english_polish_czech.txt,41.52,5,15,0.6,2,False,17.676
english_polish_czech.txt,85.03,5,15,0.8,2,True,18.275
english_polish_czech.txt,41.52,5,15,0.8,2,False,18.059
english_polish_czech.txt,71.36,5,3,0,3,True,17.737
english_polish_czech.txt,86.53,5,3,0,3,False,17.816
english_polish_czech.txt,71.26,5,3,0.2,3,True,18.038
english_polish_czech.txt,84.63,5,3,0.2,3,False,17.78
english_polish_czech.txt,69.56,5,3,0.4,3,True,18.717
english_polish_czech.txt,69.56,5,3,0.4,3,False,1.894
english_polish_czech.txt,69.56,5,3,0.6,3,True,18.8
english_polish_czech.txt,84.53,5,3,0.6,3,False,18.795
english_polish_czech.txt,69.56,5,3,0.8,3,True,18.644
english_polish_czech.txt,84.53,5,3,0.8,3,False,18.754
english_polish_czech.txt,76.95,5,5,0,3,True,17.642
english_polish_czech.txt,75.15,5,5,0,3,False,17.64
english_polish_czech.txt,77.25,5,5,0.2,3,True,17.587
english_polish_czech.txt,79.84,5,5,0.2,3,False,17.467
english_polish_czech.txt,77.25,5,5,0.4,3,True,17.662
english_polish_czech.txt,77.84,5,5,0.4,3,False,17.706
english_polish_czech.txt,76.25,5,5,0.6,3,True,18.043
english_polish_czech.txt,82.93,5,5,0.6,3,False,18.043
english_polish_czech.txt,76.15,5,5,0.8,3,True,18.77
english_polish_czech.txt,85.13,5,5,0.8,3,False,18.651
english_polish_czech.txt,85.63,5,8,0,3,True,17.521
english_polish_czech.txt,48.6,5,8,0,3,False,17.553
english_polish_czech.txt,84.83,5,8,0.2,3,True,17.481
english_polish_czech.txt,50.9,5,8,0.2,3,False,17.821
english_polish_czech.txt,83.73,5,8,0.4,3,True,17.517
english_polish_czech.txt,50.3,5,8,0.4,3,False,17.808
english_polish_czech.txt,91.72,5,8,0.6,3,True,17.77
english_polish_czech.txt,91.72,5,8,0.6,3,False,1.929
english_polish_czech.txt,80.74,5,8,0.8,3,True,18.918
english_polish_czech.txt,54.09,5,8,0.8,3,False,18.975
english_polish_czech.txt,95.11,5,10,0,3,True,17.666
english_polish_czech.txt,50.5,5,10,0,3,False,17.224
english_polish_czech.txt,86.93,5,10,0.2,3,True,17.29
english_polish_czech.txt,51.2,5,10,0.2,3,False,17.395
english_polish_czech.txt,93.71,5,10,0.4,3,True,17.256
english_polish_czech.txt,48.4,5,10,0.4,3,False,17.459
english_polish_czech.txt,92.61,5,10,0.6,3,True,17.701
english_polish_czech.txt,51.7,5,10,0.6,3,False,17.764
english_polish_czech.txt,81.54,5,10,0.8,3,True,19.283
english_polish_czech.txt,51.5,5,10,0.8,3,False,19.477
english_polish_czech.txt,80.64,5,12,0,3,True,17.408
english_polish_czech.txt,40.72,5,12,0,3,False,17.39
english_polish_czech.txt,90.22,5,12,0.2,3,True,17.709
english_polish_czech.txt,49.1,5,12,0.2,3,False,17.632
english_polish_czech.txt,94.51,5,12,0.4,3,True,17.532
english_polish_czech.txt,48.5,5,12,0.4,3,False,17.643
english_polish_czech.txt,87.33,5,12,0.6,3,True,17.753
english_polish_czech.txt,46.61,5,12,0.6,3,False,17.464
english_polish_czech.txt,92.02,5,12,0.8,3,True,18.228
english_polish_czech.txt,46.41,5,12,0.8,3,False,17.815
english_polish_czech.txt,77.54,5,15,0,3,True,17.141
english_polish_czech.txt,34.13,5,15,0,3,False,17.424
english_polish_czech.txt,75.75,5,15,0.2,3,True,17.491
english_polish_czech.txt,41.42,5,15,0.2,3,False,17.337
english_polish_czech.txt,83.53,5,15,0.4,3,True,17.164
english_polish_czech.txt,41.12,5,15,0.4,3,False,17.097
english_polish_czech.txt,94.01,5,15,0.6,3,True,18.177
english_polish_czech.txt,41.52,5,15,0.6,3,False,17.497
english_polish_czech.txt,92.42,5,15,0.8,3,True,18.955
english_polish_czech.txt,41.52,5,15,0.8,3,False,18.601
english_polish_czech.txt,84.63,8,3,0,0,True,23.095
english_polish_czech.txt,82.83,8,3,0,0,False,22.863
english_polish_czech.txt,87.13,8,3,0.2,0,True,23.599
english_polish_czech.txt,86.13,8,3,0.2,0,False,23.742
english_polish_czech.txt,85.93,8,3,0.4,0,True,23.892
english_polish_czech.txt,85.13,8,3,0.4,0,False,23.784
english_polish_czech.txt,85.93,8,3,0.6,0,True,23.653
english_polish_czech.txt,85.13,8,3,0.6,0,False,24.007
english_polish_czech.txt,85.93,8,3,0.8,0,True,23.714
english_polish_czech.txt,85.13,8,3,0.8,0,False,23.835
english_polish_czech.txt,84.33,8,5,0,0,True,23.123
english_polish_czech.txt,87.43,8,5,0,0,False,23.187
english_polish_czech.txt,83.53,8,5,0.2,0,True,23.363
english_polish_czech.txt,86.53,8,5,0.2,0,False,23.263
english_polish_czech.txt,84.93,8,5,0.4,0,True,23.265
english_polish_czech.txt,88.52,8,5,0.4,0,False,23.472
english_polish_czech.txt,83.63,8,5,0.6,0,True,23.944
english_polish_czech.txt,87.13,8,5,0.6,0,False,24.051
english_polish_czech.txt,83.53,8,5,0.8,0,True,24.281
english_polish_czech.txt,86.93,8,5,0.8,0,False,23.972
english_polish_czech.txt,87.03,8,8,0,0,True,23.235
english_polish_czech.txt,87.62,8,8,0,0,False,23.078
english_polish_czech.txt,86.23,8,8,0.2,0,True,23.449
english_polish_czech.txt,85.73,8,8,0.2,0,False,23.559
english_polish_czech.txt,88.32,8,8,0.4,0,True,23.401
english_polish_czech.txt,88.52,8,8,0.4,0,False,23.55
english_polish_czech.txt,88.52,8,8,0.6,0,True,5.681
english_polish_czech.txt,89.02,8,8,0.6,0,False,23.658
english_polish_czech.txt,86.73,8,8,0.8,0,True,23.853
english_polish_czech.txt,88.72,8,8,0.8,0,False,24.135
english_polish_czech.txt,85.23,8,10,0,0,True,23.184
english_polish_czech.txt,84.23,8,10,0,0,False,23.336
english_polish_czech.txt,88.92,8,10,0.2,0,True,23.387
english_polish_czech.txt,84.93,8,10,0.2,0,False,23.026
english_polish_czech.txt,86.63,8,10,0.4,0,True,23.512
english_polish_czech.txt,84.93,8,10,0.4,0,False,23.356
english_polish_czech.txt,88.52,8,10,0.6,0,True,23.12
english_polish_czech.txt,85.83,8,10,0.6,0,False,23.505
english_polish_czech.txt,87.52,8,10,0.8,0,True,24.279
english_polish_czech.txt,85.83,8,10,0.8,0,False,24.023
english_polish_czech.txt,83.53,8,12,0,0,True,23.038
english_polish_czech.txt,82.93,8,12,0,0,False,23.0
english_polish_czech.txt,85.33,8,12,0.2,0,True,23.051
english_polish_czech.txt,85.33,8,12,0.2,0,False,16.131
english_polish_czech.txt,85.33,8,12,0.4,0,True,23.338
english_polish_czech.txt,84.53,8,12,0.4,0,False,23.138
english_polish_czech.txt,85.13,8,12,0.6,0,True,23.313
english_polish_czech.txt,85.83,8,12,0.6,0,False,23.663
english_polish_czech.txt,85.13,8,12,0.8,0,True,23.918
english_polish_czech.txt,85.83,8,12,0.8,0,False,23.44
english_polish_czech.txt,84.63,8,15,0,0,True,23.342
english_polish_czech.txt,83.03,8,15,0,0,False,23.267
english_polish_czech.txt,85.43,8,15,0.2,0,True,23.799
english_polish_czech.txt,85.53,8,15,0.2,0,False,23.273
english_polish_czech.txt,85.83,8,15,0.4,0,True,23.615
english_polish_czech.txt,85.23,8,15,0.4,0,False,23.612
english_polish_czech.txt,84.63,8,15,0.6,0,True,23.461
english_polish_czech.txt,86.13,8,15,0.6,0,False,23.69
english_polish_czech.txt,84.63,8,15,0.8,0,True,23.753
english_polish_czech.txt,85.73,8,15,0.8,0,False,23.672
english_polish_czech.txt,88.82,8,3,0,1,True,23.543
english_polish_czech.txt,88.42,8,3,0,1,False,23.628
english_polish_czech.txt,89.92,8,3,0.2,1,True,23.694
english_polish_czech.txt,88.92,8,3,0.2,1,False,23.683
english_polish_czech.txt,88.02,8,3,0.4,1,True,24.725
english_polish_czech.txt,88.62,8,3,0.4,1,False,24.418
english_polish_czech.txt,88.02,8,3,0.6,1,True,24.152
english_polish_czech.txt,88.62,8,3,0.6,1,False,24.277
english_polish_czech.txt,88.02,8,3,0.8,1,True,24.195
english_polish_czech.txt,88.02,8,3,0.8,1,False,2.497
english_polish_czech.txt,86.33,8,5,0,1,True,23.216
english_polish_czech.txt,87.43,8,5,0,1,False,23.547
english_polish_czech.txt,87.13,8,5,0.2,1,True,23.383
english_polish_czech.txt,88.32,8,5,0.2,1,False,23.859
english_polish_czech.txt,87.33,8,5,0.4,1,True,23.698
english_polish_czech.txt,88.52,8,5,0.4,1,False,23.648
english_polish_czech.txt,88.52,8,5,0.6,1,True,1.183
english_polish_czech.txt,88.92,8,5,0.6,1,False,23.946
english_polish_czech.txt,86.93,8,5,0.8,1,True,24.243
english_polish_czech.txt,88.62,8,5,0.8,1,False,24.652
english_polish_czech.txt,88.62,8,8,0,1,True,5.849
english_polish_czech.txt,87.62,8,8,0,1,False,23.213
english_polish_czech.txt,86.23,8,8,0.2,1,True,23.662
english_polish_czech.txt,85.73,8,8,0.2,1,False,24.017
english_polish_czech.txt,88.72,8,8,0.4,1,True,24.027
english_polish_czech.txt,88.52,8,8,0.4,1,False,23.559
english_polish_czech.txt,88.52,8,8,0.6,1,True,24.209
english_polish_czech.txt,89.02,8,8,0.6,1,False,24.0
english_polish_czech.txt,88.32,8,8,0.8,1,True,24.514
english_polish_czech.txt,88.72,8,8,0.8,1,False,24.634
english_polish_czech.txt,85.23,8,10,0,1,True,23.254
english_polish_czech.txt,84.23,8,10,0,1,False,23.302
english_polish_czech.txt,88.92,8,10,0.2,1,True,23.375
english_polish_czech.txt,84.93,8,10,0.2,1,False,23.604
english_polish_czech.txt,86.63,8,10,0.4,1,True,23.771
english_polish_czech.txt,84.93,8,10,0.4,1,False,23.509
english_polish_czech.txt,88.52,8,10,0.6,1,True,23.793
english_polish_czech.txt,85.83,8,10,0.6,1,False,24.125
english_polish_czech.txt,88.02,8,10,0.8,1,True,24.773
english_polish_czech.txt,85.83,8,10,0.8,1,False,24.71
english_polish_czech.txt,83.53,8,12,0,1,True,23.059
english_polish_czech.txt,82.93,8,12,0,1,False,23.204
english_polish_czech.txt,85.33,8,12,0.2,1,True,23.746
english_polish_czech.txt,85.33,8,12,0.2,1,False,6.042
english_polish_czech.txt,86.33,8,12,0.4,1,True,23.939
english_polish_czech.txt,84.53,8,12,0.4,1,False,23.278
english_polish_czech.txt,85.13,8,12,0.6,1,True,23.842
english_polish_czech.txt,85.83,8,12,0.6,1,False,23.235
english_polish_czech.txt,85.13,8,12,0.8,1,True,23.72
english_polish_czech.txt,85.83,8,12,0.8,1,False,23.944
english_polish_czech.txt,84.63,8,15,0,1,True,23.527
english_polish_czech.txt,83.03,8,15,0,1,False,23.227
english_polish_czech.txt,85.43,8,15,0.2,1,True,23.205
english_polish_czech.txt,85.53,8,15,0.2,1,False,23.517
english_polish_czech.txt,85.83,8,15,0.4,1,True,23.568
english_polish_czech.txt,85.23,8,15,0.4,1,False,23.459
english_polish_czech.txt,84.63,8,15,0.6,1,True,23.428
english_polish_czech.txt,86.13,8,15,0.6,1,False,23.407
english_polish_czech.txt,84.63,8,15,0.8,1,True,23.994
english_polish_czech.txt,85.73,8,15,0.8,1,False,23.332
english_polish_czech.txt,88.82,8,3,0,2,True,23.656
english_polish_czech.txt,75.25,8,3,0,2,False,24.056
english_polish_czech.txt,91.52,8,3,0.2,2,True,24.071
english_polish_czech.txt,75.45,8,3,0.2,2,False,24.78
english_polish_czech.txt,89.62,8,3,0.4,2,True,24.763
english_polish_czech.txt,73.35,8,3,0.4,2,False,25.191
english_polish_czech.txt,89.62,8,3,0.6,2,True,24.684
english_polish_czech.txt,73.35,8,3,0.6,2,False,24.753
english_polish_czech.txt,89.42,8,3,0.8,2,True,25.294
english_polish_czech.txt,73.35,8,3,0.8,2,False,24.922
english_polish_czech.txt,86.33,8,5,0,2,True,23.101
english_polish_czech.txt,77.94,8,5,0,2,False,23.222
english_polish_czech.txt,87.13,8,5,0.2,2,True,23.188
english_polish_czech.txt,78.54,8,5,0.2,2,False,23.469
english_polish_czech.txt,87.33,8,5,0.4,2,True,23.573
english_polish_czech.txt,87.33,8,5,0.4,2,False,22.785
english_polish_czech.txt,73.35,8,5,0.6,2,True,24.151
english_polish_czech.txt,78.64,8,5,0.6,2,False,23.957
english_polish_czech.txt,86.93,8,5,0.8,2,True,24.711
english_polish_czech.txt,78.44,8,5,0.8,2,False,25.286
english_polish_czech.txt,75.75,8,8,0,2,True,23.556
english_polish_czech.txt,77.84,8,8,0,2,False,22.865
english_polish_czech.txt,73.35,8,8,0.2,2,True,23.635
english_polish_czech.txt,78.34,8,8,0.2,2,False,23.616
english_polish_czech.txt,73.25,8,8,0.4,2,True,23.818
english_polish_czech.txt,78.24,8,8,0.4,2,False,23.852
english_polish_czech.txt,73.15,8,8,0.6,2,True,24.333
english_polish_czech.txt,78.34,8,8,0.6,2,False,23.925
english_polish_czech.txt,73.15,8,8,0.8,2,True,25.05
english_polish_czech.txt,78.14,8,8,0.8,2,False,25.757
english_polish_czech.txt,78.44,8,10,0,2,True,23.281
english_polish_czech.txt,77.45,8,10,0,2,False,23.262
english_polish_czech.txt,78.34,8,10,0.2,2,True,23.616
english_polish_czech.txt,78.24,8,10,0.2,2,False,23.43
english_polish_czech.txt,86.63,8,10,0.4,2,True,23.982
english_polish_czech.txt,78.04,8,10,0.4,2,False,23.507
english_polish_czech.txt,88.52,8,10,0.6,2,True,23.89
english_polish_czech.txt,78.74,8,10,0.6,2,False,23.92
english_polish_czech.txt,74.65,8,10,0.8,2,True,25.105
english_polish_czech.txt,78.14,8,10,0.8,2,False,25.628
english_polish_czech.txt,73.75,8,12,0,2,True,23.073
english_polish_czech.txt,76.95,8,12,0,2,False,23.123
english_polish_czech.txt,74.75,8,12,0.2,2,True,23.689
english_polish_czech.txt,77.84,8,12,0.2,2,False,23.859
english_polish_czech.txt,74.95,8,12,0.4,2,True,23.634
english_polish_czech.txt,77.94,8,12,0.4,2,False,23.152
english_polish_czech.txt,74.65,8,12,0.6,2,True,24.305
english_polish_czech.txt,78.34,8,12,0.6,2,False,23.737
english_polish_czech.txt,74.65,8,12,0.8,2,True,24.8
english_polish_czech.txt,77.94,8,12,0.8,2,False,23.992
english_polish_czech.txt,76.95,8,15,0,2,True,23.138
english_polish_czech.txt,76.75,8,15,0,2,False,23.456
english_polish_czech.txt,78.34,8,15,0.2,2,True,23.796
english_polish_czech.txt,78.34,8,15,0.2,2,False,23.685
english_polish_czech.txt,78.34,8,15,0.4,2,True,23.397
english_polish_czech.txt,78.34,8,15,0.4,2,False,23.255
english_polish_czech.txt,77.45,8,15,0.6,2,True,23.77
english_polish_czech.txt,78.34,8,15,0.6,2,False,23.575
english_polish_czech.txt,77.25,8,15,0.8,2,True,24.371
english_polish_czech.txt,78.04,8,15,0.8,2,False,23.803
english_polish_czech.txt,88.82,8,3,0,3,True,23.81
english_polish_czech.txt,78.54,8,3,0,3,False,23.834
english_polish_czech.txt,91.52,8,3,0.2,3,True,24.184
english_polish_czech.txt,75.45,8,3,0.2,3,False,24.174
english_polish_czech.txt,89.62,8,3,0.4,3,True,24.959
english_polish_czech.txt,89.62,8,3,0.4,3,False,10.207
english_polish_czech.txt,89.62,8,3,0.6,3,True,24.968
english_polish_czech.txt,78.44,8,3,0.6,3,False,25.361
english_polish_czech.txt,89.62,8,3,0.8,3,True,25.274
english_polish_czech.txt,78.44,8,3,0.8,3,False,25.282
english_polish_czech.txt,78.44,8,5,0,3,True,9.188
english_polish_czech.txt,77.94,8,5,0,3,False,23.729
english_polish_czech.txt,73.45,8,5,0.2,3,True,23.726
english_polish_czech.txt,78.54,8,5,0.2,3,False,23.407
english_polish_czech.txt,78.34,8,5,0.4,3,True,23.566
english_polish_czech.txt,78.74,8,5,0.4,3,False,23.545
english_polish_czech.txt,73.35,8,5,0.6,3,True,23.806
english_polish_czech.txt,78.64,8,5,0.6,3,False,23.84
english_polish_czech.txt,73.25,8,5,0.8,3,True,25.26
english_polish_czech.txt,78.44,8,5,0.8,3,False,25.39
english_polish_czech.txt,75.75,8,8,0,3,True,23.53
english_polish_czech.txt,77.84,8,8,0,3,False,23.315
english_polish_czech.txt,73.35,8,8,0.2,3,True,23.541
english_polish_czech.txt,78.34,8,8,0.2,3,False,23.445
english_polish_czech.txt,73.25,8,8,0.4,3,True,23.629
english_polish_czech.txt,78.24,8,8,0.4,3,False,23.333
english_polish_czech.txt,73.15,8,8,0.6,3,True,23.894
english_polish_czech.txt,78.34,8,8,0.6,3,False,23.943
english_polish_czech.txt,73.15,8,8,0.8,3,True,25.575
english_polish_czech.txt,78.14,8,8,0.8,3,False,25.216
english_polish_czech.txt,78.44,8,10,0,3,True,23.348
english_polish_czech.txt,77.45,8,10,0,3,False,22.945
english_polish_czech.txt,78.34,8,10,0.2,3,True,23.162
english_polish_czech.txt,78.24,8,10,0.2,3,False,23.218
english_polish_czech.txt,78.24,8,10,0.4,3,True,23.527
english_polish_czech.txt,78.24,8,10,0.4,3,False,4.699
english_polish_czech.txt,78.24,8,10,0.6,3,True,22.974
english_polish_czech.txt,78.74,8,10,0.6,3,False,23.542
english_polish_czech.txt,78.74,8,10,0.8,3,True,23.525
english_polish_czech.txt,78.14,8,10,0.8,3,False,25.312
english_polish_czech.txt,77.05,8,12,0,3,True,23.03
english_polish_czech.txt,76.95,8,12,0,3,False,23.372
english_polish_czech.txt,78.34,8,12,0.2,3,True,23.524
english_polish_czech.txt,77.84,8,12,0.2,3,False,22.99
english_polish_czech.txt,77.74,8,12,0.4,3,True,24.025
english_polish_czech.txt,77.74,8,12,0.4,3,False,8.401
english_polish_czech.txt,77.54,8,12,0.6,3,True,24.369
english_polish_czech.txt,78.34,8,12,0.6,3,False,24.158
english_polish_czech.txt,77.54,8,12,0.8,3,True,24.819
english_polish_czech.txt,77.94,8,12,0.8,3,False,24.298
english_polish_czech.txt,76.95,8,15,0,3,True,23.501
english_polish_czech.txt,76.75,8,15,0,3,False,23.61
english_polish_czech.txt,78.34,8,15,0.2,3,True,23.272
english_polish_czech.txt,78.34,8,15,0.2,3,False,23.306
english_polish_czech.txt,78.34,8,15,0.4,3,True,23.372
english_polish_czech.txt,78.34,8,15,0.4,3,False,23.468
english_polish_czech.txt,77.45,8,15,0.6,3,True,23.469
english_polish_czech.txt,78.34,8,15,0.6,3,False,23.563
english_polish_czech.txt,77.25,8,15,0.8,3,True,24.499
english_polish_czech.txt,78.04,8,15,0.8,3,False,24.055
english_polish_czech.txt,94.21,10,3,0,0,True,22.891
english_polish_czech.txt,94.51,10,3,0,0,False,23.552
english_polish_czech.txt,94.21,10,3,0.2,0,True,23.44
english_polish_czech.txt,95.01,10,3,0.2,0,False,23.85
english_polish_czech.txt,94.11,10,3,0.4,0,True,23.928
english_polish_czech.txt,94.81,10,3,0.4,0,False,23.804
english_polish_czech.txt,94.11,10,3,0.6,0,True,24.053
english_polish_czech.txt,94.81,10,3,0.6,0,False,24.364
english_polish_czech.txt,94.11,10,3,0.8,0,True,23.999
english_polish_czech.txt,94.81,10,3,0.8,0,False,23.889
english_polish_czech.txt,93.21,10,5,0,0,True,23.752
english_polish_czech.txt,89.82,10,5,0,0,False,23.682
english_polish_czech.txt,93.21,10,5,0.2,0,True,23.522
english_polish_czech.txt,92.91,10,5,0.2,0,False,24.038
english_polish_czech.txt,93.51,10,5,0.4,0,True,23.912
english_polish_czech.txt,91.32,10,5,0.4,0,False,23.995
english_polish_czech.txt,94.91,10,5,0.6,0,True,23.912
english_polish_czech.txt,93.11,10,5,0.6,0,False,23.616
english_polish_czech.txt,94.81,10,5,0.8,0,True,24.283
english_polish_czech.txt,94.81,10,5,0.8,0,False,24.041
english_polish_czech.txt,91.62,10,8,0,0,True,23.596
english_polish_czech.txt,90.02,10,8,0,0,False,23.415
english_polish_czech.txt,91.92,10,8,0.2,0,True,23.391
english_polish_czech.txt,90.72,10,8,0.2,0,False,23.397
english_polish_czech.txt,92.22,10,8,0.4,0,True,23.597
english_polish_czech.txt,90.92,10,8,0.4,0,False,23.786
english_polish_czech.txt,91.92,10,8,0.6,0,True,23.799
english_polish_czech.txt,91.32,10,8,0.6,0,False,23.641
english_polish_czech.txt,91.82,10,8,0.8,0,True,24.284
english_polish_czech.txt,91.22,10,8,0.8,0,False,24.124
english_polish_czech.txt,90.32,10,10,0,0,True,23.544
english_polish_czech.txt,87.62,10,10,0,0,False,24.046
english_polish_czech.txt,91.12,10,10,0.2,0,True,23.529
english_polish_czech.txt,89.52,10,10,0.2,0,False,23.773
english_polish_czech.txt,92.51,10,10,0.4,0,True,23.883
english_polish_czech.txt,90.22,10,10,0.4,0,False,23.708
english_polish_czech.txt,92.02,10,10,0.6,0,True,23.581
english_polish_czech.txt,91.42,10,10,0.6,0,False,23.572
english_polish_czech.txt,91.82,10,10,0.8,0,True,23.985
english_polish_czech.txt,91.32,10,10,0.8,0,False,24.4
english_polish_czech.txt,91.42,10,12,0,0,True,23.633
english_polish_czech.txt,83.93,10,12,0,0,False,23.59
english_polish_czech.txt,89.22,10,12,0.2,0,True,23.575
english_polish_czech.txt,77.54,10,12,0.2,0,False,23.467
english_polish_czech.txt,91.92,10,12,0.4,0,True,23.634
english_polish_czech.txt,90.72,10,12,0.4,0,False,23.664
english_polish_czech.txt,92.32,10,12,0.6,0,True,24.033
english_polish_czech.txt,91.82,10,12,0.6,0,False,24.052
english_polish_czech.txt,91.92,10,12,0.8,0,True,24.204
english_polish_czech.txt,91.42,10,12,0.8,0,False,23.969
english_polish_czech.txt,83.63,10,15,0,0,True,23.814
english_polish_czech.txt,82.63,10,15,0,0,False,23.77
english_polish_czech.txt,91.72,10,15,0.2,0,True,23.563
english_polish_czech.txt,84.23,10,15,0.2,0,False,23.766
english_polish_czech.txt,84.73,10,15,0.4,0,True,23.763
english_polish_czech.txt,77.15,10,15,0.4,0,False,23.415
english_polish_czech.txt,92.22,10,15,0.6,0,True,23.529
english_polish_czech.txt,91.12,10,15,0.6,0,False,23.785
english_polish_czech.txt,91.62,10,15,0.8,0,True,23.862
english_polish_czech.txt,90.92,10,15,0.8,0,False,23.949
english_polish_czech.txt,95.41,10,3,0,1,True,24.13
english_polish_czech.txt,94.51,10,3,0,1,False,23.786
english_polish_czech.txt,95.41,10,3,0.2,1,True,24.061
english_polish_czech.txt,95.01,10,3,0.2,1,False,23.535
english_polish_czech.txt,95.21,10,3,0.4,1,True,24.681
english_polish_czech.txt,94.81,10,3,0.4,1,False,24.141
english_polish_czech.txt,95.21,10,3,0.6,1,True,24.955
english_polish_czech.txt,94.81,10,3,0.6,1,False,24.068
english_polish_czech.txt,95.21,10,3,0.8,1,True,24.404
english_polish_czech.txt,94.81,10,3,0.8,1,False,23.879
english_polish_czech.txt,93.21,10,5,0,1,True,23.341
english_polish_czech.txt,89.82,10,5,0,1,False,23.63
english_polish_czech.txt,93.21,10,5,0.2,1,True,23.884
english_polish_czech.txt,92.91,10,5,0.2,1,False,24.077
english_polish_czech.txt,93.51,10,5,0.4,1,True,24.071
english_polish_czech.txt,91.32,10,5,0.4,1,False,23.919
english_polish_czech.txt,94.91,10,5,0.6,1,True,24.113
english_polish_czech.txt,93.11,10,5,0.6,1,False,24.184
english_polish_czech.txt,94.81,10,5,0.8,1,True,24.933
english_polish_czech.txt,94.81,10,5,0.8,1,False,24.215
english_polish_czech.txt,91.62,10,8,0,1,True,23.426
english_polish_czech.txt,90.02,10,8,0,1,False,23.617
english_polish_czech.txt,90.02,10,8,0.2,1,True,23.564
english_polish_czech.txt,90.72,10,8,0.2,1,False,23.783
english_polish_czech.txt,90.72,10,8,0.4,1,True,16.707
english_polish_czech.txt,90.92,10,8,0.4,1,False,23.534
english_polish_czech.txt,91.92,10,8,0.6,1,True,23.758
english_polish_czech.txt,91.32,10,8,0.6,1,False,23.902
english_polish_czech.txt,91.82,10,8,0.8,1,True,24.01
english_polish_czech.txt,91.22,10,8,0.8,1,False,24.369
english_polish_czech.txt,90.32,10,10,0,1,True,23.532
english_polish_czech.txt,90.32,10,10,0,1,False,23.343
english_polish_czech.txt,91.12,10,10,0.2,1,True,23.46
english_polish_czech.txt,89.52,10,10,0.2,1,False,23.597
english_polish_czech.txt,92.51,10,10,0.4,1,True,24.085
english_polish_czech.txt,90.22,10,10,0.4,1,False,24.168
english_polish_czech.txt,92.02,10,10,0.6,1,True,24.104
english_polish_czech.txt,91.42,10,10,0.6,1,False,24.109
english_polish_czech.txt,91.82,10,10,0.8,1,True,24.289
english_polish_czech.txt,91.32,10,10,0.8,1,False,24.481
english_polish_czech.txt,91.42,10,12,0,1,True,23.494
english_polish_czech.txt,91.42,10,12,0,1,False,1.253
english_polish_czech.txt,89.22,10,12,0.2,1,True,23.692
english_polish_czech.txt,77.54,10,12,0.2,1,False,23.475
english_polish_czech.txt,91.92,10,12,0.4,1,True,23.682
english_polish_czech.txt,90.72,10,12,0.4,1,False,23.536
english_polish_czech.txt,92.32,10,12,0.6,1,True,23.714
english_polish_czech.txt,91.82,10,12,0.6,1,False,23.577
english_polish_czech.txt,91.92,10,12,0.8,1,True,24.058
english_polish_czech.txt,91.42,10,12,0.8,1,False,24.216
english_polish_czech.txt,83.63,10,15,0,1,True,23.986
english_polish_czech.txt,82.63,10,15,0,1,False,23.812
english_polish_czech.txt,91.72,10,15,0.2,1,True,23.529
english_polish_czech.txt,84.23,10,15,0.2,1,False,23.902
english_polish_czech.txt,84.73,10,15,0.4,1,True,23.749
english_polish_czech.txt,77.15,10,15,0.4,1,False,23.899
english_polish_czech.txt,92.22,10,15,0.6,1,True,23.923
english_polish_czech.txt,91.12,10,15,0.6,1,False,24.065
english_polish_czech.txt,91.62,10,15,0.8,1,True,24.075
english_polish_czech.txt,90.92,10,15,0.8,1,False,24.009
english_polish_czech.txt,95.41,10,3,0,2,True,23.883
english_polish_czech.txt,95.41,10,3,0,2,False,1.236
english_polish_czech.txt,95.41,10,3,0.2,2,True,23.917
english_polish_czech.txt,95.01,10,3,0.2,2,False,23.657
english_polish_czech.txt,95.21,10,3,0.4,2,True,25.187
english_polish_czech.txt,94.81,10,3,0.4,2,False,23.68
english_polish_czech.txt,95.21,10,3,0.6,2,True,25.204
english_polish_czech.txt,94.81,10,3,0.6,2,False,23.909
english_polish_czech.txt,95.21,10,3,0.8,2,True,25.456
english_polish_czech.txt,94.81,10,3,0.8,2,False,23.947
english_polish_czech.txt,93.21,10,5,0,2,True,23.375
english_polish_czech.txt,89.82,10,5,0,2,False,23.736
english_polish_czech.txt,89.82,10,5,0.2,2,True,5.753
english_polish_czech.txt,80.84,10,5,0.2,2,False,23.903
english_polish_czech.txt,80.84,10,5,0.4,2,True,23.636
english_polish_czech.txt,91.32,10,5,0.4,2,False,23.562
english_polish_czech.txt,91.32,10,5,0.6,2,True,23.882
english_polish_czech.txt,93.11,10,5,0.6,2,False,23.776
english_polish_czech.txt,94.81,10,5,0.8,2,True,25.343
english_polish_czech.txt,94.81,10,5,0.8,2,False,24.206
english_polish_czech.txt,91.62,10,8,0,2,True,23.72
english_polish_czech.txt,90.02,10,8,0,2,False,23.729
english_polish_czech.txt,91.92,10,8,0.2,2,True,23.842
english_polish_czech.txt,90.72,10,8,0.2,2,False,23.733
english_polish_czech.txt,92.22,10,8,0.4,2,True,23.984
english_polish_czech.txt,90.92,10,8,0.4,2,False,23.986
english_polish_czech.txt,91.92,10,8,0.6,2,True,24.156
english_polish_czech.txt,91.32,10,8,0.6,2,False,23.665
english_polish_czech.txt,91.82,10,8,0.8,2,True,24.257
english_polish_czech.txt,91.22,10,8,0.8,2,False,24.35
english_polish_czech.txt,90.32,10,10,0,2,True,23.631
english_polish_czech.txt,87.62,10,10,0,2,False,23.181
english_polish_czech.txt,91.12,10,10,0.2,2,True,23.467
english_polish_czech.txt,89.52,10,10,0.2,2,False,23.319
english_polish_czech.txt,92.51,10,10,0.4,2,True,23.827
english_polish_czech.txt,90.22,10,10,0.4,2,False,23.721
english_polish_czech.txt,92.02,10,10,0.6,2,True,23.493
english_polish_czech.txt,91.42,10,10,0.6,2,False,23.634
english_polish_czech.txt,91.82,10,10,0.8,2,True,24.227
english_polish_czech.txt,91.32,10,10,0.8,2,False,24.164
english_polish_czech.txt,91.42,10,12,0,2,True,23.6
english_polish_czech.txt,83.93,10,12,0,2,False,23.777
english_polish_czech.txt,89.22,10,12,0.2,2,True,23.81
english_polish_czech.txt,77.54,10,12,0.2,2,False,23.648
english_polish_czech.txt,91.92,10,12,0.4,2,True,23.332
english_polish_czech.txt,90.72,10,12,0.4,2,False,23.676
english_polish_czech.txt,92.32,10,12,0.6,2,True,23.644
english_polish_czech.txt,91.82,10,12,0.6,2,False,23.782
english_polish_czech.txt,91.92,10,12,0.8,2,True,23.931
english_polish_czech.txt,91.42,10,12,0.8,2,False,23.52
english_polish_czech.txt,83.63,10,15,0,2,True,23.657
english_polish_czech.txt,82.63,10,15,0,2,False,23.457
english_polish_czech.txt,91.72,10,15,0.2,2,True,23.701
english_polish_czech.txt,84.23,10,15,0.2,2,False,23.752
english_polish_czech.txt,84.73,10,15,0.4,2,True,23.538
english_polish_czech.txt,77.15,10,15,0.4,2,False,23.625
english_polish_czech.txt,92.22,10,15,0.6,2,True,23.862
english_polish_czech.txt,91.12,10,15,0.6,2,False,23.586
english_polish_czech.txt,91.62,10,15,0.8,2,True,23.576
english_polish_czech.txt,90.92,10,15,0.8,2,False,23.958
english_polish_czech.txt,78.74,10,3,0,3,True,24.061
english_polish_czech.txt,78.44,10,3,0,3,False,23.656
english_polish_czech.txt,78.64,10,3,0.2,3,True,24.641
english_polish_czech.txt,78.64,10,3,0.2,3,False,23.696
english_polish_czech.txt,95.21,10,3,0.4,3,True,25.631
english_polish_czech.txt,78.34,10,3,0.4,3,False,24.658
english_polish_czech.txt,95.21,10,3,0.6,3,True,25.686
english_polish_czech.txt,78.34,10,3,0.6,3,False,24.555
english_polish_czech.txt,95.21,10,3,0.8,3,True,25.895
english_polish_czech.txt,78.34,10,3,0.8,3,False,24.599
english_polish_czech.txt,76.55,10,5,0,3,True,23.734
english_polish_czech.txt,76.55,10,5,0,3,False,23.632
english_polish_czech.txt,76.75,10,5,0.2,3,True,23.893
english_polish_czech.txt,76.45,10,5,0.2,3,False,23.953
english_polish_czech.txt,76.65,10,5,0.4,3,True,23.7
english_polish_czech.txt,76.55,10,5,0.4,3,False,23.822
english_polish_czech.txt,78.24,10,5,0.6,3,True,24.147
english_polish_czech.txt,76.75,10,5,0.6,3,False,23.901
english_polish_czech.txt,78.24,10,5,0.8,3,True,25.58
english_polish_czech.txt,78.34,10,5,0.8,3,False,24.778
english_polish_czech.txt,76.65,10,8,0,3,True,23.355
english_polish_czech.txt,76.65,10,8,0,3,False,23.443
english_polish_czech.txt,76.85,10,8,0.2,3,True,23.683
english_polish_czech.txt,76.25,10,8,0.2,3,False,23.673
english_polish_czech.txt,76.85,10,8,0.4,3,True,23.735
english_polish_czech.txt,76.75,10,8,0.4,3,False,23.573
english_polish_czech.txt,76.75,10,8,0.6,3,True,16.077
english_polish_czech.txt,76.35,10,8,0.6,3,False,23.642
english_polish_czech.txt,76.65,10,8,0.8,3,True,24.777
english_polish_czech.txt,76.35,10,8,0.8,3,False,24.641
english_polish_czech.txt,76.25,10,10,0,3,True,23.804
english_polish_czech.txt,74.55,10,10,0,3,False,23.61
english_polish_czech.txt,76.95,10,10,0.2,3,True,23.34
english_polish_czech.txt,76.15,10,10,0.2,3,False,23.561
english_polish_czech.txt,77.05,10,10,0.4,3,True,23.578
english_polish_czech.txt,76.55,10,10,0.4,3,False,23.71
english_polish_czech.txt,77.05,10,10,0.6,3,True,23.734
english_polish_czech.txt,76.55,10,10,0.6,3,False,23.644
english_polish_czech.txt,76.65,10,10,0.8,3,True,24.777
english_polish_czech.txt,76.45,10,10,0.8,3,False,24.614
english_polish_czech.txt,76.75,10,12,0,3,True,23.471
english_polish_czech.txt,70.76,10,12,0,3,False,23.455
english_polish_czech.txt,76.95,10,12,0.2,3,True,23.61
english_polish_czech.txt,70.66,10,12,0.2,3,False,23.925
english_polish_czech.txt,76.75,10,12,0.4,3,True,23.818
english_polish_czech.txt,76.75,10,12,0.4,3,False,23.329
english_polish_czech.txt,76.75,10,12,0.6,3,True,23.295
english_polish_czech.txt,0.0,10,12,0.6,3,False,23.939
english_polish_czech.txt,76.85,10,12,0.8,3,True,24.504
english_polish_czech.txt,76.25,10,12,0.8,3,False,24.768
english_polish_czech.txt,68.86,10,15,0,3,True,23.756
english_polish_czech.txt,45.21,10,15,0,3,False,23.876
english_polish_czech.txt,77.64,10,15,0.2,3,True,23.826
english_polish_czech.txt,45.21,10,15,0.2,3,False,23.607
english_polish_czech.txt,76.85,10,15,0.4,3,True,23.873
english_polish_czech.txt,70.56,10,15,0.4,3,False,23.85
english_polish_czech.txt,77.15,10,15,0.6,3,True,23.857
english_polish_czech.txt,76.45,10,15,0.6,3,False,23.668
english_polish_czech.txt,76.75,10,15,0.8,3,True,24.583
english_polish_czech.txt,76.35,10,15,0.8,3,False,24.489
english_polish_czech.txt,94.91,12,3,0,0,True,22.489
english_polish_czech.txt,92.71,12,3,0,0,False,22.382
english_polish_czech.txt,94.81,12,3,0.2,0,True,22.294
english_polish_czech.txt,94.81,12,3,0.2,0,False,15.191
english_polish_czech.txt,94.81,12,3,0.4,0,True,22.665
english_polish_czech.txt,92.71,12,3,0.4,0,False,22.33
english_polish_czech.txt,94.81,12,3,0.6,0,True,22.402
english_polish_czech.txt,92.71,12,3,0.6,0,False,22.577
english_polish_czech.txt,94.81,12,3,0.8,0,True,22.554
english_polish_czech.txt,92.71,12,3,0.8,0,False,22.759
english_polish_czech.txt,92.42,12,5,0,0,True,21.856
english_polish_czech.txt,92.32,12,5,0,0,False,22.005
english_polish_czech.txt,93.11,12,5,0.2,0,True,21.884
english_polish_czech.txt,91.92,12,5,0.2,0,False,22.319
english_polish_czech.txt,95.01,12,5,0.4,0,True,22.413
english_polish_czech.txt,92.91,12,5,0.4,0,False,22.298
english_polish_czech.txt,94.91,12,5,0.6,0,True,22.312
english_polish_czech.txt,92.81,12,5,0.6,0,False,22.402
english_polish_czech.txt,94.51,12,5,0.8,0,True,22.96
english_polish_czech.txt,92.71,12,5,0.8,0,False,23.083
english_polish_czech.txt,91.62,12,8,0,0,True,22.387
english_polish_czech.txt,91.52,12,8,0,0,False,22.301
english_polish_czech.txt,92.22,12,8,0.2,0,True,22.204
english_polish_czech.txt,92.32,12,8,0.2,0,False,21.992
english_polish_czech.txt,92.51,12,8,0.4,0,True,22.116
english_polish_czech.txt,92.81,12,8,0.4,0,False,22.537
english_polish_czech.txt,91.82,12,8,0.6,0,True,22.263
english_polish_czech.txt,92.91,12,8,0.6,0,False,22.223
english_polish_czech.txt,91.82,12,8,0.8,0,True,22.886
english_polish_czech.txt,92.32,12,8,0.8,0,False,22.913
english_polish_czech.txt,92.42,12,10,0,0,True,22.195
english_polish_czech.txt,90.62,12,10,0,0,False,22.008
english_polish_czech.txt,91.92,12,10,0.2,0,True,22.325
english_polish_czech.txt,90.42,12,10,0.2,0,False,22.52
english_polish_czech.txt,91.92,12,10,0.4,0,True,22.394
english_polish_czech.txt,92.12,12,10,0.4,0,False,22.466
english_polish_czech.txt,92.02,12,10,0.6,0,True,22.475
english_polish_czech.txt,92.51,12,10,0.6,0,False,22.344
english_polish_czech.txt,91.32,12,10,0.8,0,True,22.869
english_polish_czech.txt,92.32,12,10,0.8,0,False,23.039
english_polish_czech.txt,90.22,12,12,0,0,True,21.99
english_polish_czech.txt,89.32,12,12,0,0,False,21.867
english_polish_czech.txt,91.82,12,12,0.2,0,True,22.359
english_polish_czech.txt,92.02,12,12,0.2,0,False,22.23
english_polish_czech.txt,91.82,12,12,0.4,0,True,22.351
english_polish_czech.txt,92.02,12,12,0.4,0,False,22.055
english_polish_czech.txt,91.42,12,12,0.6,0,True,22.146
english_polish_czech.txt,92.51,12,12,0.6,0,False,22.071
english_polish_czech.txt,91.22,12,12,0.8,0,True,22.321
english_polish_czech.txt,92.42,12,12,0.8,0,False,22.378
english_polish_czech.txt,91.32,12,15,0,0,True,22.03
english_polish_czech.txt,89.52,12,15,0,0,False,22.194
english_polish_czech.txt,90.82,12,15,0.2,0,True,22.477
english_polish_czech.txt,89.62,12,15,0.2,0,False,22.29
english_polish_czech.txt,91.62,12,15,0.4,0,True,22.374
english_polish_czech.txt,90.42,12,15,0.4,0,False,22.4
english_polish_czech.txt,91.92,12,15,0.6,0,True,22.5
english_polish_czech.txt,91.32,12,15,0.6,0,False,22.366
english_polish_czech.txt,90.92,12,15,0.8,0,True,22.285
english_polish_czech.txt,90.42,12,15,0.8,0,False,22.753
english_polish_czech.txt,94.91,12,3,0,1,True,22.181
english_polish_czech.txt,92.71,12,3,0,1,False,21.957
english_polish_czech.txt,94.81,12,3,0.2,1,True,22.41
english_polish_czech.txt,92.81,12,3,0.2,1,False,22.549
english_polish_czech.txt,94.81,12,3,0.4,1,True,22.844
english_polish_czech.txt,94.81,12,3,0.4,1,False,22.076
english_polish_czech.txt,94.81,12,3,0.6,1,True,22.768
english_polish_czech.txt,92.71,12,3,0.6,1,False,22.921
english_polish_czech.txt,94.81,12,3,0.8,1,True,22.96
english_polish_czech.txt,92.71,12,3,0.8,1,False,22.914
english_polish_czech.txt,92.42,12,5,0,1,True,22.279
english_polish_czech.txt,92.32,12,5,0,1,False,22.3
english_polish_czech.txt,93.11,12,5,0.2,1,True,22.239
english_polish_czech.txt,91.92,12,5,0.2,1,False,21.996
english_polish_czech.txt,95.01,12,5,0.4,1,True,21.891
english_polish_czech.txt,92.91,12,5,0.4,1,False,22.018
english_polish_czech.txt,94.91,12,5,0.6,1,True,22.421
english_polish_czech.txt,92.81,12,5,0.6,1,False,22.163
english_polish_czech.txt,94.51,12,5,0.8,1,True,22.877
english_polish_czech.txt,92.71,12,5,0.8,1,False,22.684
english_polish_czech.txt,91.62,12,8,0,1,True,22.037
english_polish_czech.txt,91.52,12,8,0,1,False,22.055
english_polish_czech.txt,92.22,12,8,0.2,1,True,22.045
english_polish_czech.txt,92.32,12,8,0.2,1,False,22.158
english_polish_czech.txt,92.51,12,8,0.4,1,True,21.873
english_polish_czech.txt,92.81,12,8,0.4,1,False,22.203
english_polish_czech.txt,91.82,12,8,0.6,1,True,22.27
english_polish_czech.txt,92.91,12,8,0.6,1,False,22.117
english_polish_czech.txt,91.82,12,8,0.8,1,True,22.525
english_polish_czech.txt,92.32,12,8,0.8,1,False,22.591
english_polish_czech.txt,92.42,12,10,0,1,True,22.031
english_polish_czech.txt,90.62,12,10,0,1,False,22.008
english_polish_czech.txt,91.92,12,10,0.2,1,True,22.371
english_polish_czech.txt,90.42,12,10,0.2,1,False,21.955
english_polish_czech.txt,91.92,12,10,0.4,1,True,21.84
english_polish_czech.txt,92.12,12,10,0.4,1,False,22.028
english_polish_czech.txt,92.02,12,10,0.6,1,True,22.098
english_polish_czech.txt,92.51,12,10,0.6,1,False,22.023
english_polish_czech.txt,91.32,12,10,0.8,1,True,22.824
english_polish_czech.txt,92.32,12,10,0.8,1,False,22.756
english_polish_czech.txt,90.22,12,12,0,1,True,22.251
english_polish_czech.txt,89.32,12,12,0,1,False,21.995
english_polish_czech.txt,91.82,12,12,0.2,1,True,21.816
english_polish_czech.txt,92.02,12,12,0.2,1,False,21.9
english_polish_czech.txt,91.82,12,12,0.4,1,True,21.812
english_polish_czech.txt,92.02,12,12,0.4,1,False,22.049
english_polish_czech.txt,91.42,12,12,0.6,1,True,22.231
english_polish_czech.txt,92.51,12,12,0.6,1,False,22.163
english_polish_czech.txt,91.22,12,12,0.8,1,True,22.53
english_polish_czech.txt,92.42,12,12,0.8,1,False,22.318
english_polish_czech.txt,91.32,12,15,0,1,True,22.266
english_polish_czech.txt,89.52,12,15,0,1,False,22.256
english_polish_czech.txt,89.52,12,15,0.2,1,True,8.946
english_polish_czech.txt,89.62,12,15,0.2,1,False,22.183
english_polish_czech.txt,91.62,12,15,0.4,1,True,21.737
english_polish_czech.txt,90.42,12,15,0.4,1,False,22.135
english_polish_czech.txt,91.92,12,15,0.6,1,True,21.957
english_polish_czech.txt,91.32,12,15,0.6,1,False,21.89
english_polish_czech.txt,90.92,12,15,0.8,1,True,22.106
english_polish_czech.txt,90.42,12,15,0.8,1,False,22.417
english_polish_czech.txt,90.42,12,3,0,2,True,1.102
english_polish_czech.txt,92.71,12,3,0,2,False,21.794
english_polish_czech.txt,92.71,12,3,0.2,2,True,8.799
english_polish_czech.txt,92.81,12,3,0.2,2,False,22.089
english_polish_czech.txt,94.81,12,3,0.4,2,True,22.293
english_polish_czech.txt,92.71,12,3,0.4,2,False,22.28
english_polish_czech.txt,94.81,12,3,0.6,2,True,22.39
english_polish_czech.txt,94.81,12,3,0.6,2,False,3.29
english_polish_czech.txt,94.81,12,3,0.8,2,True,22.493
english_polish_czech.txt,92.71,12,3,0.8,2,False,22.528
english_polish_czech.txt,92.42,12,5,0,2,True,21.979
english_polish_czech.txt,92.32,12,5,0,2,False,22.332
english_polish_czech.txt,93.11,12,5,0.2,2,True,22.085
english_polish_czech.txt,91.92,12,5,0.2,2,False,22.041
english_polish_czech.txt,95.01,12,5,0.4,2,True,21.93
english_polish_czech.txt,95.01,12,5,0.4,2,False,14.114
english_polish_czech.txt,94.91,12,5,0.6,2,True,21.988
english_polish_czech.txt,92.81,12,5,0.6,2,False,22.304
english_polish_czech.txt,94.51,12,5,0.8,2,True,22.673
english_polish_czech.txt,92.71,12,5,0.8,2,False,22.455
english_polish_czech.txt,77.74,12,8,0,2,True,21.88
english_polish_czech.txt,77.64,12,8,0,2,False,22.295
english_polish_czech.txt,92.22,12,8,0.2,2,True,21.856
english_polish_czech.txt,92.32,12,8,0.2,2,False,22.055
english_polish_czech.txt,92.51,12,8,0.4,2,True,22.013
english_polish_czech.txt,92.81,12,8,0.4,2,False,22.03
english_polish_czech.txt,91.82,12,8,0.6,2,True,21.935
english_polish_czech.txt,92.91,12,8,0.6,2,False,22.266
english_polish_czech.txt,91.82,12,8,0.8,2,True,22.615
english_polish_czech.txt,92.32,12,8,0.8,2,False,22.604
english_polish_czech.txt,92.42,12,10,0,2,True,22.0
english_polish_czech.txt,77.15,12,10,0,2,False,22.204
english_polish_czech.txt,77.64,12,10,0.2,2,True,22.467
english_polish_czech.txt,77.64,12,10,0.2,2,False,22.104
english_polish_czech.txt,91.92,12,10,0.4,2,True,21.949
english_polish_czech.txt,92.12,12,10,0.4,2,False,22.097
english_polish_czech.txt,92.12,12,10,0.6,2,True,5.382
english_polish_czech.txt,92.51,12,10,0.6,2,False,22.073
english_polish_czech.txt,91.32,12,10,0.8,2,True,22.884
english_polish_czech.txt,92.32,12,10,0.8,2,False,23.389
english_polish_czech.txt,90.22,12,12,0,2,True,22.121
english_polish_czech.txt,77.45,12,12,0,2,False,22.486
english_polish_czech.txt,78.04,12,12,0.2,2,True,22.393
english_polish_czech.txt,78.04,12,12,0.2,2,False,22.371
english_polish_czech.txt,91.82,12,12,0.4,2,True,22.399
english_polish_czech.txt,92.02,12,12,0.4,2,False,22.077
english_polish_czech.txt,91.42,12,12,0.6,2,True,22.689
english_polish_czech.txt,92.51,12,12,0.6,2,False,22.363
english_polish_czech.txt,91.22,12,12,0.8,2,True,22.71
english_polish_czech.txt,92.42,12,12,0.8,2,False,23.028
english_polish_czech.txt,92.42,12,15,0,2,True,11.195
english_polish_czech.txt,76.25,12,15,0,2,False,22.134
english_polish_czech.txt,77.45,12,15,0.2,2,True,22.576
english_polish_czech.txt,77.15,12,15,0.2,2,False,22.314
english_polish_czech.txt,77.15,12,15,0.4,2,True,22.083
english_polish_czech.txt,77.15,12,15,0.4,2,False,17.949
english_polish_czech.txt,91.92,12,15,0.6,2,True,22.142
english_polish_czech.txt,91.32,12,15,0.6,2,False,22.363
english_polish_czech.txt,90.92,12,15,0.8,2,True,22.305
english_polish_czech.txt,90.42,12,15,0.8,2,False,22.55
english_polish_czech.txt,78.24,12,3,0,3,True,22.382
english_polish_czech.txt,78.24,12,3,0,3,False,22.324
english_polish_czech.txt,78.24,12,3,0.2,3,True,22.794
english_polish_czech.txt,78.44,12,3,0.2,3,False,22.371
english_polish_czech.txt,78.14,12,3,0.4,3,True,23.651
english_polish_czech.txt,78.24,12,3,0.4,3,False,23.051
english_polish_czech.txt,78.14,12,3,0.6,3,True,23.602
english_polish_czech.txt,78.24,12,3,0.6,3,False,23.018
english_polish_czech.txt,78.14,12,3,0.8,3,True,24.318
english_polish_czech.txt,78.24,12,3,0.8,3,False,23.518
english_polish_czech.txt,78.24,12,5,0,3,True,22.525
english_polish_czech.txt,78.14,12,5,0,3,False,22.494
english_polish_czech.txt,78.34,12,5,0.2,3,True,22.799
english_polish_czech.txt,78.14,12,5,0.2,3,False,22.307
english_polish_czech.txt,78.14,12,5,0.4,3,True,7.771
english_polish_czech.txt,78.54,12,5,0.4,3,False,22.267
english_polish_czech.txt,78.04,12,5,0.6,3,True,23.424
english_polish_czech.txt,78.44,12,5,0.6,3,False,22.833
english_polish_czech.txt,77.94,12,5,0.8,3,True,24.434
english_polish_czech.txt,78.24,12,5,0.8,3,False,23.849
english_polish_czech.txt,77.74,12,8,0,3,True,22.31
english_polish_czech.txt,77.74,12,8,0,3,False,22.24
english_polish_czech.txt,78.24,12,8,0.2,3,True,22.394
english_polish_czech.txt,78.34,12,8,0.2,3,False,22.647
english_polish_czech.txt,77.94,12,8,0.4,3,True,22.222
english_polish_czech.txt,78.24,12,8,0.4,3,False,22.282
english_polish_czech.txt,77.74,12,8,0.6,3,True,22.474
english_polish_czech.txt,78.34,12,8,0.6,3,False,22.445
english_polish_czech.txt,77.64,12,8,0.8,3,True,23.467
english_polish_czech.txt,77.94,12,8,0.8,3,False,23.778
english_polish_czech.txt,77.25,12,10,0,3,True,22.028
english_polish_czech.txt,77.15,12,10,0,3,False,22.161
english_polish_czech.txt,77.64,12,10,0.2,3,True,22.331
english_polish_czech.txt,77.64,12,10,0.2,3,False,22.344
english_polish_czech.txt,78.24,12,10,0.4,3,True,22.126
english_polish_czech.txt,77.74,12,10,0.4,3,False,22.23
english_polish_czech.txt,77.74,12,10,0.6,3,True,22.216
english_polish_czech.txt,78.34,12,10,0.6,3,False,22.232
english_polish_czech.txt,77.35,12,10,0.8,3,True,23.772
english_polish_czech.txt,77.94,12,10,0.8,3,False,23.893
english_polish_czech.txt,77.45,12,12,0,3,True,22.239
english_polish_czech.txt,77.45,12,12,0,3,False,22.498
english_polish_czech.txt,78.04,12,12,0.2,3,True,22.275
english_polish_czech.txt,78.04,12,12,0.2,3,False,22.405
english_polish_czech.txt,77.84,12,12,0.4,3,True,22.468
english_polish_czech.txt,78.04,12,12,0.4,3,False,22.561
english_polish_czech.txt,77.54,12,12,0.6,3,True,22.225
english_polish_czech.txt,77.94,12,12,0.6,3,False,22.365
english_polish_czech.txt,77.35,12,12,0.8,3,True,23.106
english_polish_czech.txt,77.74,12,12,0.8,3,False,22.778
english_polish_czech.txt,76.85,12,15,0,3,True,22.516
english_polish_czech.txt,76.25,12,15,0,3,False,22.555
english_polish_czech.txt,77.45,12,15,0.2,3,True,22.43
english_polish_czech.txt,77.15,12,15,0.2,3,False,22.123
english_polish_czech.txt,77.15,12,15,0.4,3,True,21.54
english_polish_czech.txt,76.85,12,15,0.4,3,False,20.656
english_polish_czech.txt,77.45,12,15,0.6,3,True,20.602
english_polish_czech.txt,78.34,12,15,0.6,3,False,19.226
english_polish_czech.txt,77.05,12,15,0.8,3,True,18.51
english_polish_czech.txt,77.84,12,15,0.8,3,False,17.537
